{"coco/bbox_mAP": 0.478, "coco/bbox_mAP_50": 0.643, "coco/bbox_mAP_75": 0.561, "coco/bbox_mAP_s": 0.256, "coco/bbox_mAP_m": 0.22, "coco/bbox_mAP_l": 0.483, "data_time": 0.007998742131744256, "time": 0.05329938679304807}