{"coco/bbox_mAP": 0.395, "coco/bbox_mAP_50": 0.517, "coco/bbox_mAP_75": 0.459, "coco/bbox_mAP_s": 0.559, "coco/bbox_mAP_m": 0.332, "coco/bbox_mAP_l": 0.402, "data_time": 0.005126843472573325, "time": 0.05174846387613675}