{"coco/bbox_mAP": 0.574, "coco/bbox_mAP_50": 0.71, "coco/bbox_mAP_75": 0.671, "coco/bbox_mAP_s": 0.257, "coco/bbox_mAP_m": 0.392, "coco/bbox_mAP_l": 0.578, "data_time": 0.00731625637424646, "time": 0.06490199676545863}