{"coco/bbox_mAP": 0.393, "coco/bbox_mAP_50": 0.549, "coco/bbox_mAP_75": 0.452, "coco/bbox_mAP_s": 0.082, "coco/bbox_mAP_m": 0.261, "coco/bbox_mAP_l": 0.4, "data_time": 0.008111638861869459, "time": 0.04910224500084728}