{"coco/bbox_mAP": 0.279, "coco/bbox_mAP_50": 0.358, "coco/bbox_mAP_75": 0.317, "coco/bbox_mAP_s": 0.516, "coco/bbox_mAP_m": 0.193, "coco/bbox_mAP_l": 0.285, "data_time": 0.008854878099658821, "time": 0.06820578112380916}