{"coco/bbox_mAP": 0.565, "coco/bbox_mAP_50": 0.703, "coco/bbox_mAP_75": 0.658, "coco/bbox_mAP_s": 0.313, "coco/bbox_mAP_m": 0.375, "coco/bbox_mAP_l": 0.57, "data_time": 0.007014456680555384, "time": 0.06091073696120379}