{"coco/bbox_mAP": 0.556, "coco/bbox_mAP_50": 0.69, "coco/bbox_mAP_75": 0.647, "coco/bbox_mAP_s": 0.263, "coco/bbox_mAP_m": 0.408, "coco/bbox_mAP_l": 0.564, "data_time": 0.00967598766214234, "time": 0.060084183004838004}