{"coco/bbox_mAP": 0.444, "coco/bbox_mAP_50": 0.583, "coco/bbox_mAP_75": 0.507, "coco/bbox_mAP_s": 0.177, "coco/bbox_mAP_m": 0.192, "coco/bbox_mAP_l": 0.452, "data_time": 0.0071072568370320124, "time": 0.052465986098921245}