{"coco/bbox_mAP": 0.562, "coco/bbox_mAP_50": 0.7, "coco/bbox_mAP_75": 0.655, "coco/bbox_mAP_s": 0.223, "coco/bbox_mAP_m": 0.37, "coco/bbox_mAP_l": 0.57, "data_time": 0.007430414610271213, "time": 0.05980795948817257}