{"coco/bbox_mAP": 0.569, "coco/bbox_mAP_50": 0.71, "coco/bbox_mAP_75": 0.663, "coco/bbox_mAP_s": 0.259, "coco/bbox_mAP_m": 0.422, "coco/bbox_mAP_l": 0.574, "data_time": 0.0065076351165771484, "time": 0.05522277586570772}