{"coco/bbox_mAP": 0.436, "coco/bbox_mAP_50": 0.568, "coco/bbox_mAP_75": 0.507, "coco/bbox_mAP_s": 0.469, "coco/bbox_mAP_m": 0.251, "coco/bbox_mAP_l": 0.442, "data_time": 0.005358895169028753, "time": 0.05063751981228213}