{"coco/bbox_mAP": 0.44, "coco/bbox_mAP_50": 0.581, "coco/bbox_mAP_75": 0.508, "coco/bbox_mAP_s": 0.214, "coco/bbox_mAP_m": 0.238, "coco/bbox_mAP_l": 0.448, "data_time": 0.0038816204553917995, "time": 0.04913131898968531}