{"coco/bbox_mAP": 0.453, "coco/bbox_mAP_50": 0.641, "coco/bbox_mAP_75": 0.53, "coco/bbox_mAP_s": 0.151, "coco/bbox_mAP_m": 0.234, "coco/bbox_mAP_l": 0.461, "data_time": 0.007246351443262543, "time": 0.047266341462919984}