{"coco/bbox_mAP": 0.479, "coco/bbox_mAP_50": 0.614, "coco/bbox_mAP_75": 0.543, "coco/bbox_mAP_s": 0.411, "coco/bbox_mAP_m": 0.248, "coco/bbox_mAP_l": 0.488, "data_time": 0.006491774748146282, "time": 0.055699939969219736}