{"coco/bbox_mAP": 0.55, "coco/bbox_mAP_50": 0.687, "coco/bbox_mAP_75": 0.636, "coco/bbox_mAP_s": 0.363, "coco/bbox_mAP_m": 0.38, "coco/bbox_mAP_l": 0.558, "data_time": 0.007357203004732414, "time": 0.05541550761033714}