{"coco/bbox_mAP": 0.476, "coco/bbox_mAP_50": 0.623, "coco/bbox_mAP_75": 0.559, "coco/bbox_mAP_s": 0.375, "coco/bbox_mAP_m": 0.317, "coco/bbox_mAP_l": 0.479, "data_time": 0.010128453814027681, "time": 0.04820442702699814}