{"coco/bbox_mAP": 0.558, "coco/bbox_mAP_50": 0.698, "coco/bbox_mAP_75": 0.658, "coco/bbox_mAP_s": 0.289, "coco/bbox_mAP_m": 0.382, "coco/bbox_mAP_l": 0.563, "data_time": 0.005886574837728894, "time": 0.0540184773473297}