{"coco/bbox_mAP": 0.563, "coco/bbox_mAP_50": 0.698, "coco/bbox_mAP_75": 0.651, "coco/bbox_mAP_s": 0.225, "coco/bbox_mAP_m": 0.354, "coco/bbox_mAP_l": 0.57, "data_time": 0.005341762228857113, "time": 0.060430472410177884}