{"coco/bbox_mAP": 0.583, "coco/bbox_mAP_50": 0.724, "coco/bbox_mAP_75": 0.68, "coco/bbox_mAP_s": 0.225, "coco/bbox_mAP_m": 0.373, "coco/bbox_mAP_l": 0.588, "data_time": 0.007657460522551074, "time": 0.05968783273978576}