{"coco/bbox_mAP": 0.515, "coco/bbox_mAP_50": 0.686, "coco/bbox_mAP_75": 0.581, "coco/bbox_mAP_s": 0.471, "coco/bbox_mAP_m": 0.232, "coco/bbox_mAP_l": 0.528, "data_time": 0.02452750246233075, "time": 0.08231507977352867}